ID,MODULO,ASPECTO,CRITERIO_DETALLADO,TIPO_(M/J/P),PUNTOS_MAX,DESCRIPCION_CUMPLIMIENTO
M1,A,Reglas y cálculo del pedido,Alias de 2 a 40 caracteres; producto del catálogo; cantidad entera de 1 a 100; subtotal igual a cantidad por precio unitario,M,7,Se asignan 7 puntos cuando todos los datos y cálculos pasan los casos de comprobación; en otro caso 0
M2,B,Registro del pedido,Crea un código consecutivo y registra alias producto cantidad precio unitario subtotal y estado inicial Pendiente,M,15,El pedido queda guardado con los campos correctos y el subtotal esperado; se valida con 2 bocadillos por 15000 y 3 panelitas por 15000
M3,B,Validación de datos,Rechaza alias vacío o fuera del rango y cantidad no entera o fuera del rango; solo permite productos del catálogo,M,12,Cada dato inválido se rechaza con mensaje visible y no crea un pedido; el catálogo contiene únicamente los dos productos del reto
M4,B,Consulta de pedidos,Muestra los campos del pedido; busca alias sin distinguir mayúsculas; filtra por estado Pendiente o Entregado,M,10,La lista la búsqueda y el filtro coinciden con los pedidos registrados
M5,B,"Estado, resumen y persistencia",Permite cambiar el estado; muestra la cantidad y el valor de pedidos Entregados; conserva pedidos y estados en el almacenamiento local al recargar,M,13,Los cambios de estado los totales y los datos recargados coinciden con los casos de comprobación
M6,C,Ordenamiento por subtotal,Ordena en orden descendente de mayor a menor subtotal; en empate ubica primero el código menor; completa el ajuste en 30 minutos,M,10,La lista cumple el orden y el desempate dentro del tiempo establecido
M7,D,Cierre y uso eficiente de la estación,"Al finalizar, cierra los programas que ya no necesita, retira los archivos temporales de prueba creados para el reto y apaga el monitor o el equipo si no se va a usar de inmediato",M,2,"Asigna 2 puntos si cumple todas las acciones observables de cierre; en otro caso, 0"
J1,A,Planeación técnica,Presenta un flujo que representa el registro consulta y cambio de estado del pedido,J,8,0 sin evidencia; 1 flujo parcial; 2 incluye las acciones requeridas; 3 flujo completo y fácil de seguir
J2,B,Interfaz de la aplicación,Presenta información legible y controles con nombres claros y uso comprensible,J,10,0 inoperable; 1 presenta fallas que dificultan el uso; 2 cumple las tareas con claridad; 3 facilita las tareas y comunica errores de forma clara
J3,C,Explicación de la comprobación,Explica cómo comprobó el orden por subtotal y el desempate por código,J,5,0 no explica o presenta información incorrecta; 1 menciona el resultado; 2 describe las pruebas; 3 explica las pruebas y el resultado observado
P1,D,Ergonomía y orden del puesto,"Durante el reto mantiene una postura adecuada, ordena los elementos de trabajo y deja despejada la estación",P,4,Asigna 4 puntos si se observan las tres condiciones durante la actividad; en otro caso 0
P2,D,Separación de residuos,"Deposita cada residuo en el recipiente identificado con su color: blanco para residuos aprovechables limpios y secos, verde para residuos orgánicos aprovechables y negro para residuos no aprovechables. Si no genera residuos, deja la estación limpia",P,4,"Asigna 4 puntos si clasifica cada residuo en el recipiente del color correspondiente; si no genera residuos, deja la estación limpia; en otro caso, 0"
